"Key","SourceString",""
"Dlg_355D5C73.DisplayName","Start",""
"Dlg_FE7A0039.DisplayName","Library",""
"Dlg_2A35CD7A.DisplayName","General Store",""
"Dlg_5BF5F3D9.DisplayName","Apothecary",""
"Dlg_62DCAD01.DisplayName","Seamstress",""
"Dlg_764B56DF.DisplayName","Lumberyard",""
"Dlg_E88F82FF.DisplayName","Forest",""
"Dlg_44C4F264.DisplayName","Lumberyard 2",""
"Dlg_2B92A7CC.DisplayName","School",""
"Dlg_0C808EBC.DisplayName","Town Hall",""
"Dlg_48B8A2E3.DisplayName","Day 2",""
"Dlg_FDB7CDA6.DisplayName","School 2",""
"Dlg_04E78F09.DisplayName","Lumberyard 3",""
"Dlg_A8E001B1.DisplayName","Forest 2",""
"Dlg_D033529B.DisplayName","Lumberyard 4",""
"Dlg_6E9579A0.DisplayName","Inn",""
"Dlg_2A60CF43.DisplayName","Town Hall 2",""
"Dlg_FA83D7DD.DisplayName","Day 3",""
"Dlg_CF4E0BBA.DisplayName","General Store 2",""
"Dlg_6B0A67AB.DisplayName","Apothecary 2",""
"Dlg_16D97FF2.DisplayName","Carpenter",""
"Dlg_FF9F2E9C.DisplayName","Lumberyard 5",""
"Dlg_50C6EE2F.DisplayName","Town Hall 3",""
"DFr_E70F6DF9.Text","It’s yet another day in Petrichoria.",""
"DFr_D2A6354B.Text","I love this town, I really do. It’s just... Sometimes the days feel... Monotonous.",""
"DFr_7614FD52.Text","Get up, get dressed, grab the mail from the front door.",""
"DFr_C73DEFBF.Text","Then I head to the inn.",""
"DFr_258E7FF2.Text","Fine, you win. What am I having for breakfast?",""
"DFr_5A21CF4E.Text","Pie.",""
"DFr_9F8D6AE3.Text","Pie?",""
"DFr_174B126A.Text","Pie. You can carry them with you. Take 4. Eat one now while I’m watching. Eat the rest as you do your deliveries.",""
"DFr_0081BBB5.Text","Yana... That’s too much.",""
"DFr_87DF37CA.Text","Nonsense, uso. Take them.",""
"DFr_C1E1346E.Text","Okay, fine. But take your mail so I have room for them.",""
"DFr_02940A58.Text","Give it here.",""
"DFr_0389D4A7.Text","Yana... I think I would be fine with 1.",""
"DFr_6D259A35.Text","Nonsense, uso. You don’t eat enough. Take all 4 and give me my mail.",""
"DFr_20F0EA84.Text","Okay, fine. I know better than to argue with you. Here is your mail.",""
"DFr_4AD4ECEC.Text","Thank you. Now shoo. Go get your work done so you can rest.",""
"DFr_8E081568.Text","Fortunately, everyone is pretty close by so delivering their mail doesn’t take too long. My next stop is to see Rin at the Library. I have a couple of books that Rin ordered and I’m sure they’ll be happy to get them",""
"DFr_76EDA43C.Text","Deliveries have been taking longer and longer to get to us since we lost Esben. People are less interested in coming to our town for longer than it takes to get from our docks to the road back to Cidal.",""
"DFr_AFAC13E8.Text","Yana makes the most incredible food but that’s not the most magical thing about her.",""
"DFr_28525AAC.Text","How does she get up before everyone and stay up later than everyone?",""
"DFr_E658BCAD.Text","The Inn is never closed. There’s always food ready. That’s the real magic.",""
"DFr_31B9D512.Text","Yana, I have your mail for you.",""
"DFr_FDF6376A.Text","I won’t accept that until you’ve eaten, Opal. You’re turning into your mother.",""
"DFr_98F246F8.Text","What’s that supposed to mean?",""
"DFr_0DF2C0E1.Text","You work too much, uso. Eat first. Work comes later.",""
"DFr_809422F7.Text","Here. Take these pies. You can eat one now and have some later.",""
"DFr_4FA5E362.Text","Of course, uso! How much time do you have?",""
"DFr_B3D97892.Text","Not a lot. Some time sensitive things to deliver today.",""
"DFr_92A539DA.Text","Yana tell me you have something delicious for me today.",""
"DFr_A961F0A8.Text","I have your books for you!",""
"DFr_A5C1EEEE.Text","Not a chance. You know as well as I do that he loves Diora and Meriko more than he could ever love the ocean. I think he just wants to take them both out on an adventure, but Meriko gets so sea sick.",""
"DFr_78CB412D.Text","She’s such an odd one. Really good at making a distraction in a pinch, though.",""
"DFr_CDCF6D5D.Text","Don’t I know it. I’ve used her skills more than once to duck out of an awkward conversation with your mother.",""
"DFr_A1A924F8.Text","Haven’t we all. What’s next?",""
"DFr_DA485E74.Text","Diora ordered Advanced Weaving Techniques. Rumour has it that she’s going to try her hand at weaving some complex fabric for a gown. I wonder if she’s applying to that fashion show again.",""
"DFr_E26133DD.Text","Wasn’t she rejected last year because her designs were “too colourful” for the all-mighty fashionistas of Dalo?",""
"DFr_AA59FCF5.Text","There’s no reasoning with her. Thank you, Rin.",""
"DFr_7E3758CD.Text","Dalo is as colourful as it is fun. Which is to say, it’s neither. All white-washed stones and straight edges...",""
"DFr_E04F2739.Text","Can’t feel the earth beneath your feet. I hope she doesn’t let it change the way she designs. Her garments are beautiful.",""
"DFr_0045AADA.Text","Everyone in Dalo could learn a thing or two from her. Speaking of town fashionistas, what do you have for Eriato?",""
"DFr_1CA50595.Text","Letting Go: A Guide to Organizing. I don’t know why he keeps doing this to himself. You know just as well as I do that he can’t let go of anything. I’m pretty sure his house is just every “phase” he’s ever had in various corners.",""
"DFr_BD3E2DAD.Text","Eriato is a lot of things but a quitter is never one of them. That includes giving up any of his past phases and admitting he’s grown out of them.",""
"DFr_AA7CDE53.Text","We love him, even if he’s a bit… much. And last, but certainly not least, for my love Kauma. She’s still trying to find a cure to the blight. She’s ordered yet another biology textbook.",""
"DFr_396015E2.Text","I’m pretty sure she has this one already but she can’t find it. If you’d ever seen the inside of her home office, you’d know why.",""
"DFr_54DB39F7.Text","You could help her find it and keep this one in the library?",""
"DFr_46639C14.Text","And touch her “organized chaos?” No, thank you. I would like to keep all of my limbs attached and not used for kindling.",""
"DFr_26B8C12F.Text","If you could just bring her this copy of Kairithian Biology: Advanced Medical Text for the Modern Age, I (and my limbs) would greatly appreciate it.",""
"DFr_3267F8BA.Text","Anything for you, Rin.",""
"DFr_AC856C11.Text","Ah, if it isn’t my favourite sentence to hear at the start of my day. Which ones have come in?",""
"DFr_6B145052.Text","I’m not sure. They all came bundled together and I didn’t dare deprive you of the joy of opening that package.",""
"DFr_9B3134B9.Text","You’re the best, Ope. Let me see what we have.",""
"DFr_C80567BA.Text","Oh now this is exciting. It’s a mix of books I ordered for the library and books I ordered for Kauma, Diora, Arecho, and Eriato. You wouldn’t mind delivering these to them, since they’re on your route, would you?",""
"DFr_89A29194.Text","Anything for my favourite Spriggan. What am I delivering?",""
"DFr_6141BA24.Text","You’re truly the brightest gem in this whole jade forest.",""
"DFr_32A67AB7.Text","So this one, Tacks, Clips, and Scurvy: A Sailor’s Lament, is for Arecho but Diora ordered it as a surprise. She noticed he’s been looking longingly at the water again and she thinks he’s missing sailing.",""
"DFr_7245D029.Text","Of course, of course. What is it this time?",""
"DFr_F1E1A938.Text","Your mother’s latest romance book was just checked back in. In Defense of Love Potions.",""
"DFr_D892C8AE.Text","Got it, I’ll set that at the bottom of my bag so no one sees it.",""
"DFr_4E8F1122.Text","The mention of Jade makes my heart ache, but I smile and wait for the list.",""
"DFr_5D423D30.Text","She could just... Come in and get it but you know how she is.",""
"DFr_58D8C531.Text","My mother’s love of romance books is the worst kept secret in Petrichoria, but everyone in town pretends they don’t know.",""
"DFr_AED9AE36.Text","Do you think he’d ever go back?",""
"DFr_D8AC6CF9.Text","Just the you-know-what for you-know-who.",""
"DFr_4E1F2101.Text","You got anything you need me to pick up?",""
"DFr_E50295AE.Text","Good Morning Rin!",""
"DFr_88AF74D2.Text","I always enjoy our chats, Rin. I have to get going to my other deliveries.",""
"DFr_AF613A4A.Text","Go soak up some sun for me.",""
"DFr_C6A23EBA.Text","Good morning Eri!",""
"DFr_1E8FFA75.Text","Oh if it isn’t the most delightful sight for my poorly rested eyes.",""
"DFr_D3D3753C.Text","Poorly rested? How much sleep did you get last night?",""
"DFr_8A74DC5A.Text","I only slept for 10 hours. Honestly I had the worst time getting up this morning. Tell me you have something to brighten my day, my iridescent little friend.",""
"DFr_9A3774D4.Text","As a matter of fact, I do. Here are this month’s fashion catalogues from Dalo and Rin asked me to deliver this copy of Letting Go: A Guide to Organizing that you’d ordered.",""
"DFr_4F245F9D.Text","Oh they do listen to me so well. Did they happen to tell you that I’m planning to follow Zari Bandoo’s lifestyle guides on decluttering?",""
"DFr_62AFB95B.Text","They did mention that, yes.",""
"DFr_2090CE1F.Text","Why do you look so skeptical, my dear.",""
"DFr_2954612F.Text","Eriato... My good friend... When was the last time you actually parted with an article of clothing?",""
"DFr_0B56FC63.Text","Well... Never but that’s not the point. I’m turning over a new wing, so to speak.",""
"DFr_4416AB10.Text","And why are you doing that?",""
"DFr_957FAD29.Text","...",""
"DFr_65AC13C7.Text","...",""
"DFr_AE1E3806.Text","Saoirse is refusing to add another room to my house. She said it’s a “waste of resources.”",""
"DFr_3B08FC94.Text","Ah. Now I understand. Well, I wish you the best of luck. I have to finish up my deliveries, unless you have anything you need me to take?",""
"DFr_ED715AD0.Text","Saoirse is refusing to add another room to my house. She said it’s a “waste of resources.”",""
"DFr_46DA651E.Text","No. The only order I have was from Telu and that’s one delivery I don’t mind making myself.",""
"DFr_D6DB13DA.Text","Good morning Kauma!",""
"DFr_E772B5DC.Text","...",""
"DFr_48DF1A72.Text","Kauma?",""
"DFr_0BD1B3D4.Text","Hmm… I don’t think she’s here.",""
"DFr_036CD42C.Text","Usually she’s either at her desk or in Bella’s pen, but she’s not at her desk.",""
"DFr_6DD2D899.Text","Hmm... She’s not in here either.",""
"DFr_E1DEE759.Text","Kauma! I’m leaving these here on your desk!",""
"DFr_D595FBAF.Text","Kauma?!?",""
"DFr_0BCE3A3C.Text","Oh! Give me a moment!",""
"DFr_259A4135.Text","It’s Opal! I’m here to deliver the mail!",""
"DFr_243E6C35.Text","Who’s here?",""
"DFr_6C1D8913.Text","Is... Is that what the crash was?",""
"DFr_36A6E035.Text","Hi. Sorry. I was trying a new potion upstairs and I didn’t hear anyone come in.",""
"DFr_A72C4EB3.Text","Rin asked me to deliver this copy of Kairithian Biology: Advanced Medical Text for the Modern Age and this package of supplies arrived for you this morning.",""
"DFr_05F03180.Text","The crash was me being unsuccessful in trying a new potion upstairs. What do you have for me?",""
"DFr_C21BC637.Text","Oh that is fantastic news. Thank you, Opal. Not to be rude but I have to get back upstairs before my problems become an entire Petrichoria problem.",""
"DFr_884B3496.Text","Kauma! I’m leaving these here on your desk!",""
"DFr_06FF60E7.Text","Mornin’, Opal! What yuh bringin’ me today, girl?",""
"DFr_FE90BEB0.Text","Rin sent the two books you ordered, and there are some letters from Dalo and Calirie. I’m guessing they’re orders?",""
"DFr_560CAA40.Text","Ah yes, I sent out that catalogue ‘bout six months ago to all the capitals. Nuff people hadda get dey hands on it. Thank yuh, Opal.",""
"DFr_C1408A43.Text","And here he said he was trying to make space.",""
"DFr_07DA8587.Text","For all the clothes he’s orderin'? Pfft, nah, space ain’t ever enough for him. He goin’ need a whole new room just for all the things he’s got on the way.",""
"DFr_897EF032.Text","Eriato ALWAYS orderin' clothes, yuh know?",""
"DFr_6D7F96D5.Text","Well, if these orders don’t pile up too high, that’s the plan. But y’know how it is, eh? Always somethin’ to fix.",""
"DFr_E3BEAB4C.Text","I’ll leave you to it then, unless you need me to deliver anything for you today?",""
"DFr_539F0C78.Text","Nah, nah, not today. I just need to fix up some seams on these garments. But tomorrow, I’ll need yuh to help me deliver these clothes to Eriato and Yana.",""
"DFr_DDC16465.Text","I heard a little rumour that you’re trying your hand at making some fancy fabrics now?",""
"DFr_D1E2298A.Text","Eriato ordered more clothes?",""
"DFr_61B2E368.Text","Sounds like Telu is busy at work.",""
"DFr_76274E95.Text","But my ears still work.",""
"DFr_7D018FBE.Text","Good morning, Telu.",""
"DFr_034205A9.Text","Kia ora, Opal. How goes?",""
"DFr_FC9BE520.Text","You know, same old same old. Just doing my deliveries.",""
"DFr_42C0DA6E.Text","And I assume that means you have something for me?",""
"DFr_546787D0.Text","That I do. I have some letters from Zagalla and from Vrezodia.",""
"DFr_A1589B70.Text","Watching the hurt on his face every time I deliver letters from Lyrei’s family never gets any easier but he masks it well.",""
"DFr_C45BCCEE.Text","I think I’ll do just that, then.",""
"DFr_E73AF018.Text","Nah. Just passing time until Effie is out of school.",""
"DFr_C26D331F.Text","I need to do the same. Tivona is last on my list of deliveries and I have no desire to interrupt class.",""
"DFr_83E76593.Text","Why don’t you take a break? There’s a path that goes through there that has some interesting sights.",""
"DFr_F0720856.Text","You wouldn’t mind me cutting through your lumberyard?",""
"DFr_1CFAB63E.Text","As long as you don’t cut too close to the grove and you don’t hurt the trees, it’s a lovely little walk.",""
"DFr_AACDD187.Text","Cheers. If you could just set them on the bench over there, I’ll take them home when I’m done here.",""
"DFr_7D23ACBC.Text","Long day ahead?",""
"DFr_0C6E09CC.Text","Telu was right. This is a lovely walk. The sunlight filtering through the trees is beautiful this time of year.",""
"DFr_EC6E0F6A.Text","I’m not sure what he meant about interesting sights, though. Everything so far just looks like...",""
"DFr_CC66CC96.Text","...",""
"DFr_DC4D822D.Text","What is that?",""
"DFr_1F7A8043.Text","Is that… A MAILBOX?",""
"DFr_C818E2E1.Text","Who could even be getting mail all the way out here? Who would be delivering mail?

I don’t see any houses or people anywhere nearby.",""
"DFr_3B6D0DDF.Text","Hmm... Is... Is that rocks? And... Sticks? And a leaf. Fascinating. I’m just gonna leave that there.",""
"DFr_C22B1834.Text","What is making all that noise?",""
"DFr_21C3B8AA.Text","Are... Are those walking mushrooms?!",""
"DFr_27BDB253.Text","Um hello?",""
"DFr_930B7B67.Text","!!!",""
"DFr_64F8642E.Text","Wait! I...",""
"DFr_F768AEB4.Text","Hm. That’s not going to work. What if I just...",""
"DFr_F62463EF.Text","There. Now we’re the same size... Okay not quite but close enough.",""
"DFr_A5D68C6A.Text","Hey little guys. Is that your mailbox?",""
"DFr_14FC3D1D.Text","...",""
"DFr_08C5A737.Text","M A I L ?",""
"DFr_D0FFE34D.Text","I don’t think they understand me. Maybe I need to show them some mail?",""
"DFr_B45E8CA8.Text","Like this.",""
"DFr_086B10E6.Text","Anyway...",""
"DFr_814077C6.Text","I’m not sure where I’ll put this but they clearly want to be part of the mail system and who am I to tell them they can’t be?",""
"DFr_65F0B7A3.Text","Oh. No. I’m sorry. This is for someone else.",""
"DFr_153FCF77.Text","!!!",""
"DFr_A713ACDC.Text","Aaaaaaaaaand they’re gone. Hm… What a strange bunch of creatures.",""
"DFr_681B3B35.Text","Mmmmmmmmm?",""
"DFr_72F5DE9D.Text","Did you have a good walk?",""
"DFr_F46610BE.Text","Have you seen them?",""
"DFr_0F5D2A06.Text","Seen who?",""
"DFr_54D97956.Text","The little walking mushrooms.",""
"DFr_E0EEDEA0.Text","Aye cuz. That was some walk you had.",""
"DFr_5A841E18.Text","Telu, I’m serious. There’s little walking mushrooms out there.",""
"DFr_2DA89A16.Text","Yeah. I’m heading over there myself to pick up Effie. Want me to walk with you and you can tell me more about these uh... Walking mushroom?",""
"DFr_7C5E7A8E.Text","Yeah, nah. I have no idea what you’re talking about, Ope.",""
"DFr_9587D18D.Text","Nevermind. I have to finish up my deliveries. School should be out soon, yeah?",""
"DFr_0968F147.Text","Please don’t forget to practice your writing!",""
"DFr_A19387C5.Text","Effie!",""
"DFr_9D491586.Text","Hi, Dad.",""
"DFr_A46463DF.Text","Opal was just telling me the craziest story.",""
"DFr_6123AA5F.Text","Oh?",""
"DFr_52E6953B.Text","Yes, actually. I have some more notebooks that were delivered and a box of wax sticks.",""
"DFr_3380BBA0.Text","Fantastic. Thank you. Now, tell me more about these walking mushrooms?",""
"DFr_CDFD4986.Text","They seemed... Like they wanted to learn? But they were so scared. I tried to talk to them and they ran away.",""
"DFr_36A2158C.Text","Well, Opal, if no one’s ever seen them then they must not be around higher fey very often.",""
"DFr_35093E81.Text","They clearly watch us if they made their own mailbox. It was a really well made mailbox, too. Weird but well made.",""
"DFr_19F422E0.Text","Fascinating. Hm... Okay. Well let me know if you see them again.",""
"DFr_FA42B7F9.Text","I will. I’m off to do my final delivery.",""
"DFr_0AA49975.Text","Oh? Who is left?",""
"DFr_8FDA3FDA.Text","My mother.",""
"DFr_55DC6168.Text","Ah. Good luck with that. I’ll see you later?",""
"DFr_528F63C9.Text","Not tonight. It’s our weekly dinner.",""
"DFr_A59DE1A6.Text","Oh my. Okay. Well good luck with THAT.",""
"DFr_CF0AB549.Text","It wasn’t a crazy story. I followed a path that your dad sent me down and I happened upon a bunch of walking mushrooms.",""
"DFr_03C53559.Text","You’ve seen them too!?",""
"DFr_F6577902.Text","See? I told you I wasn’t hallucinating.",""
"DFr_3A68F9D6.Text","Walking mushrooms?",""
"DFr_0394AA1A.Text","Yes. They had a mailbox and everything.",""
"DFr_0CE87CAF.Text","A... Mailbox?",""
"DFr_EAD91F0D.Text","Yes. A mailbox. Though, admittedly their understanding of mail is... Well... They don’t understand it at all, really.",""
"DFr_280A6AE2.Text","The mailbox with feet?",""
"DFr_B130115B.Text","Yes! The weird mailbox out there in the middle of the forest.",""
"DFr_D0BEF85C.Text","I was too scared to look in it when I went over there.",""
"DFr_63345432.Text","You went over there?",""
"DFr_C6F72C35.Text","Okay I feel like you’re focusing on the wrong part of this.",""
"DFr_5CDDFF73.Text","Okay, we’re leaving. We need to go home and have a talk about not wandering into the forest.",""
"DFr_00FB8AD5.Text","Remind her to practice her writing, please.",""
"DFr_F328D0DD.Text","Did you have anything for me today, Opal?",""
"DFr_F6368995.Text","Mom, I have your mail for you.",""
"DFr_71BE4893.Text","Anything interesting?",""
"DFr_1B9D814C.Text","A couple letters from Dalo and a delivery from Rin.",""
"DFr_3B6268A6.Text","Leave them on my desk. Tomorrow try to be a little more timely with the deliveries. It’s almost dinner time.",""
"DFr_B6464E4D.Text","Actually, it wasn’t that interesting. I’ll see you at dinner.",""
"DFr_CB2C8BE3.Text","Well, actually, something really interesting happened.",""
"DFr_715694E6.Text","Opal, I don’t have time to hear about this right now. Just tell me over dinner.",""
"DFr_AD757381.Text","Hmm... Where to put these? This basket will do, I guess, for now.",""
"DFr_64E24C28.Text","The Next Morning in the Town Hall",""
"DFr_2AF57205.Text","Time to start my deliveries for the day. Let’s see who we have for today’s deliveries.",""
"DFr_BC280F0E.Text","Just Yana and my mom today for letters and a package for Telu. He doesn’t usually get packages and it’s from Dalo. Interesting.",""
"DFr_FCC39E81.Text","What? No. Why would you... You know what? Nevermind. Do you know anything about walking mushrooms?",""
"DFr_B84C2898.Text","Yes.",""
"DFr_697BE10D.Text","...",""
"DFr_A880474F.Text","...",""
"DFr_1954787E.Text","Uso, are you feeling okay?",""
"DFr_B291E79A.Text","Yana, I’m fine. I saw these little mushroom creatures yesterday in the forest.",""
"DFr_B7D288A6.Text","Are you sure you’re okay?",""
"DFr_DD60863F.Text","Yes. I’m sure. They had a mailbox.",""
"DFr_704B151D.Text","I think you’re working too much. Have some breakfast.",""
"DFr_5AB66411.Text","Walking... Mushrooms?",""
"DFr_5F8046D1.Text","Good morning Yana!",""
"DFr_13198C30.Text","Good morning, uso. What do you have for me?",""
"DFr_1A8B2384.Text","Oh? Now I’m intrigued. What would you have me do? If it’s poisoning your mother, I’m not going to do that.",""
"DFr_B410154F.Text","Just some letters and a bit of a weird request.",""
"DFr_6F2A3BDE.Text","Breakfast. Yes. That’s what I need. If you were going to feed a walking mushroom, what would you feed it?",""
"DFr_A5D00862.Text","Well... Probably not a mushroom omelet.",""
"DFr_CAA958CC.Text","...",""
"DFr_F6118569.Text","Oh I don’t know, uso. Mushrooms are a fungus. They feed mostly on rotten things and I don’t keep anything rotten here.",""
"DFr_C2900309.Text","Okay but what else would you give them?",""
"DFr_D69B3439.Text","Maybe fruit? I have these fruit tarts that I made yesterday that I was going to bring over to the school later.",""
"DFr_C7850F63.Text","Can I have two of them? I’ll pay you for them.",""
"DFr_A28EBE2E.Text","You can have two. You don’t need to pay me. I was going to drop them off for free to Tivona. Why don’t you just take the batch over there for me and keep two of them?",""
"DFr_FEABB44B.Text","That would be great, Yana. Could you do me another big favour?",""
"DFr_26314686.Text","I’m still not poisoning your mother.",""
"DFr_5B8AA9AE.Text","I... What? No. Can you wrap the two I’m keeping? Like a package?",""
"DFr_F3A9748B.Text","Oh. Easy. Absolutely, uso. That way you don’t get them mixed up. Consider it done.",""
"DFr_9F0BD12E.Text","Thank you.",""
"DFr_7DA9D84E.Text","One condition.",""
"DFr_F90B066A.Text","Yes?",""
"DFr_A2AC7BEC.Text","You eat this before it gets cold.",""
"DFr_94E4846B.Text","I have no idea where she produced this plate of eggs and potatoes from but I have never argued with Yana before and I’m not going to start today.",""
"DFr_80ED596B.Text","Yes?",""
"DFr_7FF3813D.Text","Hi. Sorry for interrupting class. Yana sent me over with these for you and the kids.",""
"DFr_F221F342.Text","Oooo. Okay. Give them here. I’ll take them in and set them on the desk. Maybe then the kids will look at the front.",""
"DFr_5104BAE9.Text","You bet. I also have a small request.",""
"DFr_1078B4A9.Text","What can I do for you?",""
"DFr_CE220A7A.Text","Can you come to the path by Telu’s lumberyard when school is out.",""
"DFr_B47AE387.Text","Is this related to the walking mushrooms?",""
"DFr_3F28EDC4.Text","This is related to the walking mushrooms. Can you bring some paper and wax sticks?",""
"DFr_A621CB6D.Text","Yes?",""
"DFr_6F48903A.Text","Great! I’ll see you later!",""
"DFr_85B9CD58.Text","Good morning, Telu!",""
"DFr_30A0E00D.Text","Good morning Opal. You back for that trail?",""
"DFr_8933DA53.Text","Yes and no. You have a package.",""
"DFr_23C7CDA1.Text","Me? I have a package?",""
"DFr_C1E86145.Text","Yes? Were you not expecting one?",""
"DFr_4801F6AE.Text","Yeah, nah. I can’t think of anyone who would be sending me a package.",""
"DFr_73AA8DEF.Text","It’s from Dalo. Does that help?",""
"DFr_148542AA.Text","No. That makes even less sense. Let me see it.",""
"DFr_3E43D73F.Text","That looks like... Lyrei’s pottery. It’s damaged but her style is unmistakable.",""
"DFr_7E54D84E.Text","...",""
"DFr_D57FA7A0.Text","Telu?",""
"DFr_6DE66B17.Text","Someone found this in Dalo and they were trying to return it to Lyrei.",""
"DFr_2F65DCD6.Text","Are you okay?",""
"DFr_B132BD6D.Text","Nah, yeah. I’m fine. I just... I need to go inside. Thank you, Ope. I’ll see you later.",""
"DFr_2C56F40A.Text","Poor Telu. Lyrei’s been missing for the last 8 years. He is the only one still holding out any hope that she’ll come home.",""
"DFr_3E76AF4D.Text","I think he’s in denial. No one escapes the blight. No one has the heart to tell him. Well... No one but my mother.",""
"DFr_1DBB26CF.Text","Not that either of them will listen to each other. He blames her for Lyrei’s disappearance and she’s too proud to admit that he’s right.",""
"DFr_8D04D5CB.Text","There are... More rocks and sticks. And two leaves this time. Absolutely fascinating.",""
"DFr_C3045B1C.Text","Hmm... Is... Is that rocks? And... Sticks? And a leaf. Fascinating. I’m not sure where I’ll put this but they clearly want to be part of the mail system and who am I to tell them they can’t be?",""
"DFr_792BD217.Text","Okay... Low and slow. I got this. I can do this.",""
"DFr_1C96A6BC.Text","Good morning, walking mushrooms. I have mail for you.",""
"DFr_9824AD9E.Text","???",""
"DFr_EF609F0D.Text","These are from Yana, at the inn in Petrichoria. We’re the town right next to you. The one with the um… Mailboxes.",""
"DFr_9F998EAD.Text","Mmmmmmmmmm!!!!",""
"DFr_1E53962E.Text","I don’t think I’ve ever seen anyone this excited for mail. Well... Maybe Rin but they’re a special case.",""
"DFr_9E5F7110.Text","Those are... What... Well... That’s one way to use them.",""
"DFr_43520B13.Text","I’m not sure what I thought would happen if I gave a bunch of creatures without mouths food but I wasn’t really expecting this.",""
"DFr_E2210398.Text","I have a friend coming in a little bit. Do you understand that word? Friend?",""
"DFr_C99AFB0A.Text","???",""
"DFr_D94A4714.Text","Friend.",""
"DFr_1A30C8B0.Text","Mmmmmmmmm.",""
"DFr_F701B03F.Text","Tivona! You came!",""
"DFr_46A4BE26.Text","I did say I was coming, yes. I’m not really sure about this, though.",""
"DFr_ABFD9FA9.Text","Please. For the sake of your best friend?",""
"DFr_15A3EE78.Text","Okay but only because I love you dearly and I am actually worried about your well-being.",""
"DFr_3012562A.Text","I promise you they’re real. This way.",""
"DFr_A9695C79.Text","Oh. There really is a mailbox with feet. How odd.",""
"DFr_8152AD73.Text","I told you. Now, this part is important. We have to be slow. They spook easily.",""
"DFr_B511E7CF.Text","The walking mushrooms?",""
"DFr_EB27EF88.Text","The walking mushrooms.",""
"DFr_2A65BB5B.Text","Oh.",""
"DFr_3FF3F2F7.Text","What... What are we doing with these?",""
"DFr_F23AD6E0.Text","I... Want you to teach them to write?",""
"DFr_F2C3FD7D.Text","Your mother.",""
"DFr_EDFBEBBB.Text","Point made.",""
"DFr_CF7CD6CD.Text","You what?",""
"DFr_846B0F9C.Text","So they can actually do... mail.",""
"DFr_234A7309.Text","Opal... They don’t have hands.",""
"DFr_E0EAA65F.Text","I told you.",""
"DFr_E0D1BDEC.Text","I know. I know. I just... Well... I thought the stress was getting to you.",""
"DFr_2F8AD53A.Text","Ti... We live in the quietest town on a port no one really uses in the middle of a world-wide catastrophe. What stress?",""
"DFr_03E23B76.Text","They can still pick things up and clearly they can use tools. You saw the mailbox!",""
"DFr_BB4BA892.Text","I... Okay. Valid points. I will try but please set your expectations low.",""
"DFr_E6333EB7.Text","Nope. You’re the best teacher I know.",""
"DFr_C5DBE6EB.Text","I’m... The only teacher you know?",""
"DFr_5C2FD04C.Text","Exactly.",""
"DFr_41F7B458.Text","I’ve taught worse. They’re kind of like toddlers.",""
"DFr_658AF2D6.Text","Thank you, Ti.",""
"DFr_C7884A2A.Text","This was fun. Weird, but fun.",""
"DFr_184379BD.Text","Yeah. Let’s head back to the inn before it gets dark.",""
"DFr_C8D95354.Text","I do not want to be out here in the dark.",""
"DFr_32428D54.Text","Do you think they’ll be alright out here?",""
"DFr_0679CB44.Text","Later...",""
"DFr_51CE16CC.Text","They’ve been alright out here for who knows how long. They’ll be fine, Opal.",""
"DFr_DF7B634F.Text","How did your deliveries go?",""
"DFr_B768318A.Text","They went very well. Thank you for the tarts.",""
"DFr_480592A4.Text","Did your walking mushrooms like them?",""
"DFr_83DF653F.Text","They... Did.",""
"DFr_14F82CC3.Text","Uso... What do you mean?",""
"DFr_8C196158.Text","They didn’t... Eat them? They don’t have mouths.",""
"DFr_A7EBAA00.Text","The walking mushrooms don’t have mouths?",""
"DFr_33A6F06D.Text","They don’t have hands either.",""
"DFr_4506ACA4.Text","Oh. So it’s a group delusion.",""
"DFr_96766954.Text","It’s not a delusion. Look at these scribbles they did.",""
"DFr_869C9CFE.Text","You kept them?",""
"DFr_00B471B9.Text","I kept a couple. At the insistence of the walking mushrooms.",""
"DFr_E386CE47.Text","Have you asked Kauma about them?",""
"DFr_E6D07707.Text","... No.",""
"DFr_12C1721C.Text","I think you should ask Kauma. If anyone knows about random creatures, it’ll be her.",""
"DFr_4C285AD4.Text","Eat up, uso.",""
"DFr_C55B0C8E.Text","Honestly, that should have been my first stop.",""
"DFr_04243230.Text","Opal, you’re getting back very late. I thought I asked you to be speedier today.",""
"DFr_D0853259.Text","Sorry, mom. Something came up with Tivona.",""
"DFr_C045054C.Text","Did anything come for me?",""
"DFr_547941EC.Text","Oh. Yes. You got a few letters from Dalo.",""
"DFr_7F20668A.Text","Always Dalo. Give them here. I’ll look in the morning to see if these are important.",""
"DFr_1FA72B11.Text","Mom?",""
"DFr_25BD8EDF.Text","Yes?",""
"DFr_98BA0902.Text","Have you ever seen a walking mushroom?",""
"DFr_CF3DCE3C.Text","...",""
"DFr_D68BD351.Text","Go up to bed. You’ve clearly spent too long at Yana’s tonight.",""
"DFr_493CDA8A.Text","Right. Good night.",""
"DFr_3E3D588C.Text","...",""
"DFr_359AC4AA.Text","Well I guess I’ll add these to the others.",""
"DFr_729080E4.Text","Hmm... Where to put these? This basket will do, I guess, for now.",""
"DFr_13495314.Text","I wonder what today will bring from the strange mushrooms. Let’s see who I have on my route today.",""
"DFr_D4C20A11.Text","Just my mother. Strange, this one is from Vrezodia. I should stop in and see Kauma after breakfast, anyway.",""
"DFr_A3D5E68D.Text","Good morning, uso.",""
"DFr_EF99E8AA.Text","Good morning, Yana. I don’t have anything for you today.",""
"DFr_BBE7D0AE.Text","That’s okay. I have things for you. Starting with breakfast.",""
"DFr_107191AB.Text","You take such good care of me.",""
"DFr_89993C55.Text","Someone has to. Eat up and then I need you to deliver a few meals for me.",""
"DFr_0105AAB8.Text","I don’t have anyone on my route so I’m all yours.",""
"DFr_8961DF8C.Text","Music to my ears.",""
"DFr_C14FE0D6.Text","I’m glad to hear it. Now, I need you to deliver meals to Eriato, Kauma, Saoirse, and Telu today. And you can give these to your little walking mushroom friends.",""
"DFr_F4D47DC4.Text","I’m on it. And thank you. I really like these little mushroom guys.",""
"DFr_F2F6055F.Text","I can tell. You almost never ask me for anything, uso.",""
"DFr_A81A15B9.Text","All done. It was delicious.",""
"DFr_87783181.Text","All done?",""
"DFr_6D49E87B.Text","They’re so excited about mail. It’s the weirdest thing.",""
"DFr_55BDDF5F.Text","It is... Strange.",""
"DFr_CAE01568.Text","I’ll be off, then. Mom is really upset with me for staying out so late yesterday.",""
"DFr_1EC3EF62.Text","Your mother gets upset about everything. This isn’t really new.",""
"DFr_D9069871.Text","I’d rather not add fuel to the fire.",""
"DFr_1BFFD59D.Text","Ah if it isn’t my favourite little iridescent dumpling.",""
"DFr_847D341F.Text","You’re only saying that because you know I have food for you.",""
"DFr_A6479C0B.Text","For the record, I’d have said that anyway. But yes please. Give me the food. I’m starving.",""
"DFr_1AB17846.Text","Eri... You’re in a store full of food.",""
"DFr_CF2045AB.Text","That doesn’t count. It’s not cooked and, most importantly, it’s not cooked by Yana.",""
"DFr_9E5D23FA.Text","You’re insufferable. Take your food.",""
"DFr_BFB03513.Text","Tell me, my delectable little friend, anything of interest in your life?",""
"DFr_42F7006A.Text","You ever met a walking mushroom?",""
"DFr_59478EEC.Text","I’ve met my fair share of mushrooms, some for food and some for fun but none of them walked.",""
"DFr_71CB6FAE.Text","Well... I’m delivering mail for a little group of walking mushrooms.",""
"DFr_458AD153.Text","You just live the most fascinating life.",""
"DFr_2B6F6197.Text","Actually, that’s a lie and we both know it, but you know what I mean.",""
"DFr_D56C0B06.Text","Do I?",""
"DFr_7C76E0EE.Text","Yes. I’ve decided that you do. Now go so I can eat without being observed. I’m too hungry to eat pretty.",""
"DFr_91B44D5E.Text","I’m leaving. Enjoy your breakfast.",""
"DFr_BC449148.Text","Good morning Kauma!",""
"DFr_769D5450.Text","Hi Opal. Is that my breakfast?",""
"DFr_603AAAF4.Text","Yes it is.",""
"DFr_CB3C4B7F.Text","...",""
"DFr_D7673E37.Text","You spend too much time with Rin.",""
"DFr_74B05FD9.Text","The longer you make me wait, the more likely I am to ask you questions while you’re working.",""
"DFr_18204F6B.Text","Okay. You win. I just need a moment to finish this up.",""
"DFr_6B6AA53E.Text","So...",""
"DFr_1EB49EDE.Text","Okay fine. I am finishing it up now.",""
"DFr_AD53AC8B.Text","What questions were you going to ask?",""
"DFr_0A01307D.Text","A little bit later...",""
"DFr_DD61974A.Text","Have you ever encountered a walking mushroom?",""
"DFr_94FFD819.Text","...",""
"DFr_E73CAC0B.Text","Wonderful. Could you set it down on the counter for me?",""
"DFr_78B6DEF7.Text","If I set it down and walk away, are you going to forget it’s there?",""
"DFr_ED0C4A69.Text","...",""
"DFr_3A1CA951.Text","How about I just hold it here until you’re done?",""
"DFr_86B00795.Text","You mean mushlings? Absolutely. I helped set up their own little home just outside of town.",""
"DFr_BA349DDF.Text","Did you help them build the mailbox?",""
"DFr_7BD7A8CC.Text","The what?",""
"DFr_C7BF11BF.Text","The mailbox. They have a mailbox.",""
"DFr_885988EE.Text","No... That’s new. Tell me about this mailbox.",""
"DFr_CE9D123B.Text","A little while later...",""
"DFr_6F620667.Text","Fascinating.",""
"DFr_C4C7C05E.Text","Isn’t it?",""
"DFr_308E8520.Text","So they’re advancing in their cognitive abilities. Showing an interest in the behaviours and interests of higher fey. That’s incredible.",""
"DFr_FBDF8200.Text","You’ll have to share any further developments in their society with me. I’m, obviously, very busy with my research but I have time for a side study.",""
"DFr_E5E9E4C9.Text","You do?",""
"DFr_547F64D5.Text","Limited time, but yes. This would make for a fascinating research paper.",""
"DFr_F60F5C67.Text","I will keep you updated. For now, though, I should take Saoirse her food before it gets cold.",""
"DFr_2DDDC54A.Text","Would it get cold? Doesn’t Yana enchant them?",""
"DFr_A165009F.Text","I’m not sure but I’m not willing to find out. Yana feeds me and I’m not risking it.",""
"DFr_6E49A797.Text","Well thank you for sharing your discoveries with me. I need to remember where I was before you interrupted.",""
"DFr_A653CD22.Text","You’re welcome. For the interruption, breakfast, and the information.",""
"DFr_FAB66327.Text","Hi Sao!",""
"DFr_514B5457.Text","Breakfast!!!!",""
"DFr_01B870E2.Text","Well, yes, but I’m here, too.",""
"DFr_E7255D49.Text","Yes, yes but b r e a k f a s t.",""
"DFr_EE0120FF.Text","Here you go, Saoirse.",""
"DFr_28B2AAE8.Text","Did you make a mailbox with feet?",""
"DFr_357348D6.Text","Nnh-mmm.",""
"DFr_DE728FE8.Text","Hm?",""
"DFr_80E1946F.Text","Thank you, Opal.",""
"DFr_E7E613CC.Text","Saoirse...",""
"DFr_405886E0.Text","What?",""
"DFr_A09778DA.Text","Nope.",""
"DFr_E73EA23D.Text","Strange. Okay. I will leave you to your breakfast.",""
"DFr_2757B64A.Text","Telu, I have breakfast for you!",""
"DFr_F9626C1E.Text","Can you just set it on the bench for me?",""
"DFr_8A49B799.Text","Mmm.",""
"DFr_CA7304DD.Text","I can’t imagine how hard seeing that pottery yesterday must have been for him. I wonder if he showed it to Effie. I can’t imagine he did. She’s doing so well now.",""
"DFr_ED29571E.Text","There’s... Sticks and rocks and leaves... And fruit? And some scraps of paper. I think that’s supposed to be the inn? Fascinating.",""
"DFr_B69F4CC1.Text","There’s... Sticks and rocks and... Fruit? And some scraps of paper. I think that’s supposed to be the inn? How close have they gotten to town?",""
"DFr_DCC81EEE.Text","There’s... Fruit and pinecones and some scraps of paper. I think that’s supposed to be the inn? How close have they gotten to the town?",""
"DFr_B7AF94F7.Text","Mushlings? It’s Opal. The mailman.",""
"DFr_C27CC453.Text","??????",""
"DFr_8961DF24.Text","Yana sent these to you",""
"DFr_FD55323F.Text","!!!! Mmmmmmmmmm!!!!!!!!!!!",""
"DFr_35AE89D9.Text","You okay?",""
"DFr_BFBB934F.Text","Mhmm. Thank you Opal. I’ll grab it when I’m done here.",""
"DFr_46060003.Text","Okay. I’m going to go see the mushlings.",""
"DFr_38507E59.Text","No quips for me today?",""
"DFr_48816147.Text","Not today. I’m tired, Ope.",""
"DFr_621948D3.Text","They’re actually really cute when they’re excited. Once you get past the weirdness of walking mushrooms, they’re really endearing.",""
"DFr_1B952C60.Text","My friend that came yesterday is going to come again today so she can teach you some more.",""
"DFr_03D1E8E2.Text","Mmm.",""
"DFr_7697A3FF.Text","Later...",""
"DFr_77B71BBD.Text","They’re getting better. I can almost make out what they’re trying to write.",""
"DFr_869206CD.Text","I asked Saoirse and she said she didn’t build the mailbox.",""
"DFr_4351C749.Text","And Kauma said they’re called Mushlings?",""
"DFr_ED87D57D.Text","Mhmm. Strange little creatures, right?",""
"DFr_453B9564.Text","I think they have the potential to be higher fey.",""
"DFr_DACD923E.Text","Kauma wants updates on their progress.",""
"DFr_4A426562.Text","Well, they gave me some letters and drawings. You can take these two to Kauma next time you deliver to her.",""
"DFr_07D7C9BB.Text","I think I need to deliver these to Yana?",""
"DFr_639D296E.Text","That’s so cute, Ope.",""
"DFr_B3806BBD.Text","Yana’s going to get a kick out of this tomorrow.",""
"DFr_91777E25.Text","Not tonight?",""
"DFr_019714CD.Text","I need to get home early tonight, so I’ll have to skip Yana’s tonight.",""
"DFr_9E6C4882.Text","Unfortunate but understandable. Want me to walk you back?",""
"DFr_92B14F3E.Text","That would be great.",""
"DFr_8E3A92BE.Text","Mom?",""
"DFr_08E99573.Text","In here.",""
"DFr_5107A765.Text","You only got one letter today. It’s from Vrezodia.",""
"DFr_EAAD330A.Text","What?",""
"DFr_525AD06B.Text","Fern is coming back to Petrichoria.",""
"DFr_FE8FD68D.Text","Vrezodia? Give it here.",""
"DFr_3BB6D8FB.Text","Mom? What is it?",""
"DFr_91370E08.Text","...",""
"DFr_B74E8A5D.Text","Unfinished business.",""
"Ntt_6A412806.DisplayName","Opal",""
"Ntt_859352D2.DisplayName","Yana",""
"Ntt_D0622633.DisplayName","Rin",""
"Ntt_CEF47D6B.DisplayName","Eriato",""
"Ntt_DDC7ABCF.DisplayName","Kauma",""
"Ntt_CA0B0124.DisplayName","Diora",""
"Ntt_1FB8F31F.DisplayName","Telu",""
"Ntt_1104BE70.DisplayName","Mushling",""
"Ntt_414379CD.DisplayName","Tivona",""
"Ntt_DA8FB3B5.DisplayName","Elora",""
"Ntt_9111F7B8.DisplayName","Amber",""
"Ntt_9400645D.DisplayName","Saoirse",""
"Ntt_03E4C5FE.DisplayName","Inner Monolog",""
